Order,Node Name,ATen Operator,Backend Assignment,Is Delegated?
1,aten_convolution_default,"<EdgeOpOverload: aten.convolution.default>: schema = aten::convolution(Tensor input, Tensor weight, Tensor? bias, SymInt[] stride, SymInt[] padding, SymInt[] dilation, bool transposed, SymInt[] output_padding, SymInt groups) -> Tensor",Vulkan (GPU Accelerator),YES
2,aten__native_batch_norm_legit_no_training_default,"<EdgeOpOverload: aten._native_batch_norm_legit_no_training.default>: schema = aten::_native_batch_norm_legit_no_training(Tensor input, Tensor? weight, Tensor? bias, Tensor running_mean, Tensor running_var, float momentum, float eps) -> (Tensor, Tensor, Tensor)",Vulkan (GPU Accelerator),YES
3,getitem,<built-in function getitem>,Vulkan (GPU Accelerator),YES
4,aten_hardtanh_default,"<EdgeOpOverload: aten.hardtanh.default>: schema = aten::hardtanh(Tensor self, Scalar min_val=-1, Scalar max_val=1) -> Tensor",Vulkan (GPU Accelerator),YES
5,aten_convolution_default_1,"<EdgeOpOverload: aten.convolution.default>: schema = aten::convolution(Tensor input, Tensor weight, Tensor? bias, SymInt[] stride, SymInt[] padding, SymInt[] dilation, bool transposed, SymInt[] output_padding, SymInt groups) -> Tensor",Vulkan (GPU Accelerator),YES
6,aten__native_batch_norm_legit_no_training_default_1,"<EdgeOpOverload: aten._native_batch_norm_legit_no_training.default>: schema = aten::_native_batch_norm_legit_no_training(Tensor input, Tensor? weight, Tensor? bias, Tensor running_mean, Tensor running_var, float momentum, float eps) -> (Tensor, Tensor, Tensor)",Vulkan (GPU Accelerator),YES
7,getitem_1,<built-in function getitem>,Vulkan (GPU Accelerator),YES
8,aten_hardtanh_default_1,"<EdgeOpOverload: aten.hardtanh.default>: schema = aten::hardtanh(Tensor self, Scalar min_val=-1, Scalar max_val=1) -> Tensor",Vulkan (GPU Accelerator),YES
9,aten_convolution_default_2,"<EdgeOpOverload: aten.convolution.default>: schema = aten::convolution(Tensor input, Tensor weight, Tensor? bias, SymInt[] stride, SymInt[] padding, SymInt[] dilation, bool transposed, SymInt[] output_padding, SymInt groups) -> Tensor",Vulkan (GPU Accelerator),YES
10,aten__native_batch_norm_legit_no_training_default_2,"<EdgeOpOverload: aten._native_batch_norm_legit_no_training.default>: schema = aten::_native_batch_norm_legit_no_training(Tensor input, Tensor? weight, Tensor? bias, Tensor running_mean, Tensor running_var, float momentum, float eps) -> (Tensor, Tensor, Tensor)",Vulkan (GPU Accelerator),YES
11,getitem_2,<built-in function getitem>,Vulkan (GPU Accelerator),YES
12,aten_convolution_default_3,"<EdgeOpOverload: aten.convolution.default>: schema = aten::convolution(Tensor input, Tensor weight, Tensor? bias, SymInt[] stride, SymInt[] padding, SymInt[] dilation, bool transposed, SymInt[] output_padding, SymInt groups) -> Tensor",Vulkan (GPU Accelerator),YES
13,aten__native_batch_norm_legit_no_training_default_3,"<EdgeOpOverload: aten._native_batch_norm_legit_no_training.default>: schema = aten::_native_batch_norm_legit_no_training(Tensor input, Tensor? weight, Tensor? bias, Tensor running_mean, Tensor running_var, float momentum, float eps) -> (Tensor, Tensor, Tensor)",Vulkan (GPU Accelerator),YES
14,getitem_3,<built-in function getitem>,Vulkan (GPU Accelerator),YES
15,aten_hardtanh_default_2,"<EdgeOpOverload: aten.hardtanh.default>: schema = aten::hardtanh(Tensor self, Scalar min_val=-1, Scalar max_val=1) -> Tensor",Vulkan (GPU Accelerator),YES
16,aten_convolution_default_4,"<EdgeOpOverload: aten.convolution.default>: schema = aten::convolution(Tensor input, Tensor weight, Tensor? bias, SymInt[] stride, SymInt[] padding, SymInt[] dilation, bool transposed, SymInt[] output_padding, SymInt groups) -> Tensor",Vulkan (GPU Accelerator),YES
17,aten__native_batch_norm_legit_no_training_default_4,"<EdgeOpOverload: aten._native_batch_norm_legit_no_training.default>: schema = aten::_native_batch_norm_legit_no_training(Tensor input, Tensor? weight, Tensor? bias, Tensor running_mean, Tensor running_var, float momentum, float eps) -> (Tensor, Tensor, Tensor)",Vulkan (GPU Accelerator),YES
18,getitem_4,<built-in function getitem>,Vulkan (GPU Accelerator),YES
19,aten_hardtanh_default_3,"<EdgeOpOverload: aten.hardtanh.default>: schema = aten::hardtanh(Tensor self, Scalar min_val=-1, Scalar max_val=1) -> Tensor",Vulkan (GPU Accelerator),YES
20,aten_convolution_default_5,"<EdgeOpOverload: aten.convolution.default>: schema = aten::convolution(Tensor input, Tensor weight, Tensor? bias, SymInt[] stride, SymInt[] padding, SymInt[] dilation, bool transposed, SymInt[] output_padding, SymInt groups) -> Tensor",Vulkan (GPU Accelerator),YES
21,aten__native_batch_norm_legit_no_training_default_5,"<EdgeOpOverload: aten._native_batch_norm_legit_no_training.default>: schema = aten::_native_batch_norm_legit_no_training(Tensor input, Tensor? weight, Tensor? bias, Tensor running_mean, Tensor running_var, float momentum, float eps) -> (Tensor, Tensor, Tensor)",Vulkan (GPU Accelerator),YES
22,getitem_5,<built-in function getitem>,Vulkan (GPU Accelerator),YES
23,aten_convolution_default_6,"<EdgeOpOverload: aten.convolution.default>: schema = aten::convolution(Tensor input, Tensor weight, Tensor? bias, SymInt[] stride, SymInt[] padding, SymInt[] dilation, bool transposed, SymInt[] output_padding, SymInt groups) -> Tensor",Vulkan (GPU Accelerator),YES
24,aten__native_batch_norm_legit_no_training_default_6,"<EdgeOpOverload: aten._native_batch_norm_legit_no_training.default>: schema = aten::_native_batch_norm_legit_no_training(Tensor input, Tensor? weight, Tensor? bias, Tensor running_mean, Tensor running_var, float momentum, float eps) -> (Tensor, Tensor, Tensor)",Vulkan (GPU Accelerator),YES
25,getitem_6,<built-in function getitem>,Vulkan (GPU Accelerator),YES
26,aten_hardtanh_default_4,"<EdgeOpOverload: aten.hardtanh.default>: schema = aten::hardtanh(Tensor self, Scalar min_val=-1, Scalar max_val=1) -> Tensor",Vulkan (GPU Accelerator),YES
27,aten_convolution_default_7,"<EdgeOpOverload: aten.convolution.default>: schema = aten::convolution(Tensor input, Tensor weight, Tensor? bias, SymInt[] stride, SymInt[] padding, SymInt[] dilation, bool transposed, SymInt[] output_padding, SymInt groups) -> Tensor",Vulkan (GPU Accelerator),YES
28,aten__native_batch_norm_legit_no_training_default_7,"<EdgeOpOverload: aten._native_batch_norm_legit_no_training.default>: schema = aten::_native_batch_norm_legit_no_training(Tensor input, Tensor? weight, Tensor? bias, Tensor running_mean, Tensor running_var, float momentum, float eps) -> (Tensor, Tensor, Tensor)",Vulkan (GPU Accelerator),YES
29,getitem_7,<built-in function getitem>,Vulkan (GPU Accelerator),YES
30,aten_hardtanh_default_5,"<EdgeOpOverload: aten.hardtanh.default>: schema = aten::hardtanh(Tensor self, Scalar min_val=-1, Scalar max_val=1) -> Tensor",Vulkan (GPU Accelerator),YES
31,aten_convolution_default_8,"<EdgeOpOverload: aten.convolution.default>: schema = aten::convolution(Tensor input, Tensor weight, Tensor? bias, SymInt[] stride, SymInt[] padding, SymInt[] dilation, bool transposed, SymInt[] output_padding, SymInt groups) -> Tensor",Vulkan (GPU Accelerator),YES
32,aten__native_batch_norm_legit_no_training_default_8,"<EdgeOpOverload: aten._native_batch_norm_legit_no_training.default>: schema = aten::_native_batch_norm_legit_no_training(Tensor input, Tensor? weight, Tensor? bias, Tensor running_mean, Tensor running_var, float momentum, float eps) -> (Tensor, Tensor, Tensor)",Vulkan (GPU Accelerator),YES
33,getitem_8,<built-in function getitem>,Vulkan (GPU Accelerator),YES
34,aten_add_tensor,"<EdgeOpOverload: aten.add.Tensor>: schema = aten::add.Tensor(Tensor self, Tensor other, *, Scalar alpha=1) -> Tensor",Vulkan (GPU Accelerator),YES
35,aten_convolution_default_9,"<EdgeOpOverload: aten.convolution.default>: schema = aten::convolution(Tensor input, Tensor weight, Tensor? bias, SymInt[] stride, SymInt[] padding, SymInt[] dilation, bool transposed, SymInt[] output_padding, SymInt groups) -> Tensor",Vulkan (GPU Accelerator),YES
36,aten__native_batch_norm_legit_no_training_default_9,"<EdgeOpOverload: aten._native_batch_norm_legit_no_training.default>: schema = aten::_native_batch_norm_legit_no_training(Tensor input, Tensor? weight, Tensor? bias, Tensor running_mean, Tensor running_var, float momentum, float eps) -> (Tensor, Tensor, Tensor)",Vulkan (GPU Accelerator),YES
37,getitem_9,<built-in function getitem>,Vulkan (GPU Accelerator),YES
38,aten_hardtanh_default_6,"<EdgeOpOverload: aten.hardtanh.default>: schema = aten::hardtanh(Tensor self, Scalar min_val=-1, Scalar max_val=1) -> Tensor",Vulkan (GPU Accelerator),YES
39,aten_convolution_default_10,"<EdgeOpOverload: aten.convolution.default>: schema = aten::convolution(Tensor input, Tensor weight, Tensor? bias, SymInt[] stride, SymInt[] padding, SymInt[] dilation, bool transposed, SymInt[] output_padding, SymInt groups) -> Tensor",Vulkan (GPU Accelerator),YES
40,aten__native_batch_norm_legit_no_training_default_10,"<EdgeOpOverload: aten._native_batch_norm_legit_no_training.default>: schema = aten::_native_batch_norm_legit_no_training(Tensor input, Tensor? weight, Tensor? bias, Tensor running_mean, Tensor running_var, float momentum, float eps) -> (Tensor, Tensor, Tensor)",Vulkan (GPU Accelerator),YES
41,getitem_10,<built-in function getitem>,Vulkan (GPU Accelerator),YES
42,aten_hardtanh_default_7,"<EdgeOpOverload: aten.hardtanh.default>: schema = aten::hardtanh(Tensor self, Scalar min_val=-1, Scalar max_val=1) -> Tensor",Vulkan (GPU Accelerator),YES
43,aten_convolution_default_11,"<EdgeOpOverload: aten.convolution.default>: schema = aten::convolution(Tensor input, Tensor weight, Tensor? bias, SymInt[] stride, SymInt[] padding, SymInt[] dilation, bool transposed, SymInt[] output_padding, SymInt groups) -> Tensor",Vulkan (GPU Accelerator),YES
44,aten__native_batch_norm_legit_no_training_default_11,"<EdgeOpOverload: aten._native_batch_norm_legit_no_training.default>: schema = aten::_native_batch_norm_legit_no_training(Tensor input, Tensor? weight, Tensor? bias, Tensor running_mean, Tensor running_var, float momentum, float eps) -> (Tensor, Tensor, Tensor)",Vulkan (GPU Accelerator),YES
45,getitem_11,<built-in function getitem>,Vulkan (GPU Accelerator),YES
46,aten_convolution_default_12,"<EdgeOpOverload: aten.convolution.default>: schema = aten::convolution(Tensor input, Tensor weight, Tensor? bias, SymInt[] stride, SymInt[] padding, SymInt[] dilation, bool transposed, SymInt[] output_padding, SymInt groups) -> Tensor",Vulkan (GPU Accelerator),YES
47,aten__native_batch_norm_legit_no_training_default_12,"<EdgeOpOverload: aten._native_batch_norm_legit_no_training.default>: schema = aten::_native_batch_norm_legit_no_training(Tensor input, Tensor? weight, Tensor? bias, Tensor running_mean, Tensor running_var, float momentum, float eps) -> (Tensor, Tensor, Tensor)",Vulkan (GPU Accelerator),YES
48,getitem_12,<built-in function getitem>,Vulkan (GPU Accelerator),YES
49,aten_hardtanh_default_8,"<EdgeOpOverload: aten.hardtanh.default>: schema = aten::hardtanh(Tensor self, Scalar min_val=-1, Scalar max_val=1) -> Tensor",Vulkan (GPU Accelerator),YES
50,aten_convolution_default_13,"<EdgeOpOverload: aten.convolution.default>: schema = aten::convolution(Tensor input, Tensor weight, Tensor? bias, SymInt[] stride, SymInt[] padding, SymInt[] dilation, bool transposed, SymInt[] output_padding, SymInt groups) -> Tensor",Vulkan (GPU Accelerator),YES
51,aten__native_batch_norm_legit_no_training_default_13,"<EdgeOpOverload: aten._native_batch_norm_legit_no_training.default>: schema = aten::_native_batch_norm_legit_no_training(Tensor input, Tensor? weight, Tensor? bias, Tensor running_mean, Tensor running_var, float momentum, float eps) -> (Tensor, Tensor, Tensor)",Vulkan (GPU Accelerator),YES
52,getitem_13,<built-in function getitem>,Vulkan (GPU Accelerator),YES
53,aten_hardtanh_default_9,"<EdgeOpOverload: aten.hardtanh.default>: schema = aten::hardtanh(Tensor self, Scalar min_val=-1, Scalar max_val=1) -> Tensor",Vulkan (GPU Accelerator),YES
54,aten_convolution_default_14,"<EdgeOpOverload: aten.convolution.default>: schema = aten::convolution(Tensor input, Tensor weight, Tensor? bias, SymInt[] stride, SymInt[] padding, SymInt[] dilation, bool transposed, SymInt[] output_padding, SymInt groups) -> Tensor",Vulkan (GPU Accelerator),YES
55,aten__native_batch_norm_legit_no_training_default_14,"<EdgeOpOverload: aten._native_batch_norm_legit_no_training.default>: schema = aten::_native_batch_norm_legit_no_training(Tensor input, Tensor? weight, Tensor? bias, Tensor running_mean, Tensor running_var, float momentum, float eps) -> (Tensor, Tensor, Tensor)",Vulkan (GPU Accelerator),YES
56,getitem_14,<built-in function getitem>,Vulkan (GPU Accelerator),YES
57,aten_add_tensor_1,"<EdgeOpOverload: aten.add.Tensor>: schema = aten::add.Tensor(Tensor self, Tensor other, *, Scalar alpha=1) -> Tensor",Vulkan (GPU Accelerator),YES
58,aten_convolution_default_15,"<EdgeOpOverload: aten.convolution.default>: schema = aten::convolution(Tensor input, Tensor weight, Tensor? bias, SymInt[] stride, SymInt[] padding, SymInt[] dilation, bool transposed, SymInt[] output_padding, SymInt groups) -> Tensor",Vulkan (GPU Accelerator),YES
59,aten__native_batch_norm_legit_no_training_default_15,"<EdgeOpOverload: aten._native_batch_norm_legit_no_training.default>: schema = aten::_native_batch_norm_legit_no_training(Tensor input, Tensor? weight, Tensor? bias, Tensor running_mean, Tensor running_var, float momentum, float eps) -> (Tensor, Tensor, Tensor)",Vulkan (GPU Accelerator),YES
60,getitem_15,<built-in function getitem>,Vulkan (GPU Accelerator),YES
61,aten_hardtanh_default_10,"<EdgeOpOverload: aten.hardtanh.default>: schema = aten::hardtanh(Tensor self, Scalar min_val=-1, Scalar max_val=1) -> Tensor",Vulkan (GPU Accelerator),YES
62,aten_convolution_default_16,"<EdgeOpOverload: aten.convolution.default>: schema = aten::convolution(Tensor input, Tensor weight, Tensor? bias, SymInt[] stride, SymInt[] padding, SymInt[] dilation, bool transposed, SymInt[] output_padding, SymInt groups) -> Tensor",Vulkan (GPU Accelerator),YES
63,aten__native_batch_norm_legit_no_training_default_16,"<EdgeOpOverload: aten._native_batch_norm_legit_no_training.default>: schema = aten::_native_batch_norm_legit_no_training(Tensor input, Tensor? weight, Tensor? bias, Tensor running_mean, Tensor running_var, float momentum, float eps) -> (Tensor, Tensor, Tensor)",Vulkan (GPU Accelerator),YES
64,getitem_16,<built-in function getitem>,Vulkan (GPU Accelerator),YES
65,aten_hardtanh_default_11,"<EdgeOpOverload: aten.hardtanh.default>: schema = aten::hardtanh(Tensor self, Scalar min_val=-1, Scalar max_val=1) -> Tensor",Vulkan (GPU Accelerator),YES
66,aten_convolution_default_17,"<EdgeOpOverload: aten.convolution.default>: schema = aten::convolution(Tensor input, Tensor weight, Tensor? bias, SymInt[] stride, SymInt[] padding, SymInt[] dilation, bool transposed, SymInt[] output_padding, SymInt groups) -> Tensor",Vulkan (GPU Accelerator),YES
67,aten__native_batch_norm_legit_no_training_default_17,"<EdgeOpOverload: aten._native_batch_norm_legit_no_training.default>: schema = aten::_native_batch_norm_legit_no_training(Tensor input, Tensor? weight, Tensor? bias, Tensor running_mean, Tensor running_var, float momentum, float eps) -> (Tensor, Tensor, Tensor)",Vulkan (GPU Accelerator),YES
68,getitem_17,<built-in function getitem>,Vulkan (GPU Accelerator),YES
69,aten_add_tensor_2,"<EdgeOpOverload: aten.add.Tensor>: schema = aten::add.Tensor(Tensor self, Tensor other, *, Scalar alpha=1) -> Tensor",Vulkan (GPU Accelerator),YES
70,aten_convolution_default_18,"<EdgeOpOverload: aten.convolution.default>: schema = aten::convolution(Tensor input, Tensor weight, Tensor? bias, SymInt[] stride, SymInt[] padding, SymInt[] dilation, bool transposed, SymInt[] output_padding, SymInt groups) -> Tensor",Vulkan (GPU Accelerator),YES
71,aten__native_batch_norm_legit_no_training_default_18,"<EdgeOpOverload: aten._native_batch_norm_legit_no_training.default>: schema = aten::_native_batch_norm_legit_no_training(Tensor input, Tensor? weight, Tensor? bias, Tensor running_mean, Tensor running_var, float momentum, float eps) -> (Tensor, Tensor, Tensor)",Vulkan (GPU Accelerator),YES
72,getitem_18,<built-in function getitem>,Vulkan (GPU Accelerator),YES
73,aten_hardtanh_default_12,"<EdgeOpOverload: aten.hardtanh.default>: schema = aten::hardtanh(Tensor self, Scalar min_val=-1, Scalar max_val=1) -> Tensor",Vulkan (GPU Accelerator),YES
74,aten_convolution_default_19,"<EdgeOpOverload: aten.convolution.default>: schema = aten::convolution(Tensor input, Tensor weight, Tensor? bias, SymInt[] stride, SymInt[] padding, SymInt[] dilation, bool transposed, SymInt[] output_padding, SymInt groups) -> Tensor",Vulkan (GPU Accelerator),YES
75,aten__native_batch_norm_legit_no_training_default_19,"<EdgeOpOverload: aten._native_batch_norm_legit_no_training.default>: schema = aten::_native_batch_norm_legit_no_training(Tensor input, Tensor? weight, Tensor? bias, Tensor running_mean, Tensor running_var, float momentum, float eps) -> (Tensor, Tensor, Tensor)",Vulkan (GPU Accelerator),YES
76,getitem_19,<built-in function getitem>,Vulkan (GPU Accelerator),YES
77,aten_hardtanh_default_13,"<EdgeOpOverload: aten.hardtanh.default>: schema = aten::hardtanh(Tensor self, Scalar min_val=-1, Scalar max_val=1) -> Tensor",Vulkan (GPU Accelerator),YES
78,aten_convolution_default_20,"<EdgeOpOverload: aten.convolution.default>: schema = aten::convolution(Tensor input, Tensor weight, Tensor? bias, SymInt[] stride, SymInt[] padding, SymInt[] dilation, bool transposed, SymInt[] output_padding, SymInt groups) -> Tensor",Vulkan (GPU Accelerator),YES
79,aten__native_batch_norm_legit_no_training_default_20,"<EdgeOpOverload: aten._native_batch_norm_legit_no_training.default>: schema = aten::_native_batch_norm_legit_no_training(Tensor input, Tensor? weight, Tensor? bias, Tensor running_mean, Tensor running_var, float momentum, float eps) -> (Tensor, Tensor, Tensor)",Vulkan (GPU Accelerator),YES
80,getitem_20,<built-in function getitem>,Vulkan (GPU Accelerator),YES
81,aten_convolution_default_21,"<EdgeOpOverload: aten.convolution.default>: schema = aten::convolution(Tensor input, Tensor weight, Tensor? bias, SymInt[] stride, SymInt[] padding, SymInt[] dilation, bool transposed, SymInt[] output_padding, SymInt groups) -> Tensor",Vulkan (GPU Accelerator),YES
82,aten__native_batch_norm_legit_no_training_default_21,"<EdgeOpOverload: aten._native_batch_norm_legit_no_training.default>: schema = aten::_native_batch_norm_legit_no_training(Tensor input, Tensor? weight, Tensor? bias, Tensor running_mean, Tensor running_var, float momentum, float eps) -> (Tensor, Tensor, Tensor)",Vulkan (GPU Accelerator),YES
83,getitem_21,<built-in function getitem>,Vulkan (GPU Accelerator),YES
84,aten_hardtanh_default_14,"<EdgeOpOverload: aten.hardtanh.default>: schema = aten::hardtanh(Tensor self, Scalar min_val=-1, Scalar max_val=1) -> Tensor",Vulkan (GPU Accelerator),YES
85,aten_convolution_default_22,"<EdgeOpOverload: aten.convolution.default>: schema = aten::convolution(Tensor input, Tensor weight, Tensor? bias, SymInt[] stride, SymInt[] padding, SymInt[] dilation, bool transposed, SymInt[] output_padding, SymInt groups) -> Tensor",Vulkan (GPU Accelerator),YES
86,aten__native_batch_norm_legit_no_training_default_22,"<EdgeOpOverload: aten._native_batch_norm_legit_no_training.default>: schema = aten::_native_batch_norm_legit_no_training(Tensor input, Tensor? weight, Tensor? bias, Tensor running_mean, Tensor running_var, float momentum, float eps) -> (Tensor, Tensor, Tensor)",Vulkan (GPU Accelerator),YES
87,getitem_22,<built-in function getitem>,Vulkan (GPU Accelerator),YES
88,aten_hardtanh_default_15,"<EdgeOpOverload: aten.hardtanh.default>: schema = aten::hardtanh(Tensor self, Scalar min_val=-1, Scalar max_val=1) -> Tensor",Vulkan (GPU Accelerator),YES
89,aten_convolution_default_23,"<EdgeOpOverload: aten.convolution.default>: schema = aten::convolution(Tensor input, Tensor weight, Tensor? bias, SymInt[] stride, SymInt[] padding, SymInt[] dilation, bool transposed, SymInt[] output_padding, SymInt groups) -> Tensor",Vulkan (GPU Accelerator),YES
90,aten__native_batch_norm_legit_no_training_default_23,"<EdgeOpOverload: aten._native_batch_norm_legit_no_training.default>: schema = aten::_native_batch_norm_legit_no_training(Tensor input, Tensor? weight, Tensor? bias, Tensor running_mean, Tensor running_var, float momentum, float eps) -> (Tensor, Tensor, Tensor)",Vulkan (GPU Accelerator),YES
91,getitem_23,<built-in function getitem>,Vulkan (GPU Accelerator),YES
92,aten_add_tensor_3,"<EdgeOpOverload: aten.add.Tensor>: schema = aten::add.Tensor(Tensor self, Tensor other, *, Scalar alpha=1) -> Tensor",Vulkan (GPU Accelerator),YES
93,aten_convolution_default_24,"<EdgeOpOverload: aten.convolution.default>: schema = aten::convolution(Tensor input, Tensor weight, Tensor? bias, SymInt[] stride, SymInt[] padding, SymInt[] dilation, bool transposed, SymInt[] output_padding, SymInt groups) -> Tensor",Vulkan (GPU Accelerator),YES
94,aten__native_batch_norm_legit_no_training_default_24,"<EdgeOpOverload: aten._native_batch_norm_legit_no_training.default>: schema = aten::_native_batch_norm_legit_no_training(Tensor input, Tensor? weight, Tensor? bias, Tensor running_mean, Tensor running_var, float momentum, float eps) -> (Tensor, Tensor, Tensor)",Vulkan (GPU Accelerator),YES
95,getitem_24,<built-in function getitem>,Vulkan (GPU Accelerator),YES
96,aten_hardtanh_default_16,"<EdgeOpOverload: aten.hardtanh.default>: schema = aten::hardtanh(Tensor self, Scalar min_val=-1, Scalar max_val=1) -> Tensor",Vulkan (GPU Accelerator),YES
97,aten_convolution_default_25,"<EdgeOpOverload: aten.convolution.default>: schema = aten::convolution(Tensor input, Tensor weight, Tensor? bias, SymInt[] stride, SymInt[] padding, SymInt[] dilation, bool transposed, SymInt[] output_padding, SymInt groups) -> Tensor",Vulkan (GPU Accelerator),YES
98,aten__native_batch_norm_legit_no_training_default_25,"<EdgeOpOverload: aten._native_batch_norm_legit_no_training.default>: schema = aten::_native_batch_norm_legit_no_training(Tensor input, Tensor? weight, Tensor? bias, Tensor running_mean, Tensor running_var, float momentum, float eps) -> (Tensor, Tensor, Tensor)",Vulkan (GPU Accelerator),YES
99,getitem_25,<built-in function getitem>,Vulkan (GPU Accelerator),YES
100,aten_hardtanh_default_17,"<EdgeOpOverload: aten.hardtanh.default>: schema = aten::hardtanh(Tensor self, Scalar min_val=-1, Scalar max_val=1) -> Tensor",Vulkan (GPU Accelerator),YES
101,aten_convolution_default_26,"<EdgeOpOverload: aten.convolution.default>: schema = aten::convolution(Tensor input, Tensor weight, Tensor? bias, SymInt[] stride, SymInt[] padding, SymInt[] dilation, bool transposed, SymInt[] output_padding, SymInt groups) -> Tensor",Vulkan (GPU Accelerator),YES
102,aten__native_batch_norm_legit_no_training_default_26,"<EdgeOpOverload: aten._native_batch_norm_legit_no_training.default>: schema = aten::_native_batch_norm_legit_no_training(Tensor input, Tensor? weight, Tensor? bias, Tensor running_mean, Tensor running_var, float momentum, float eps) -> (Tensor, Tensor, Tensor)",Vulkan (GPU Accelerator),YES
103,getitem_26,<built-in function getitem>,Vulkan (GPU Accelerator),YES
104,aten_add_tensor_4,"<EdgeOpOverload: aten.add.Tensor>: schema = aten::add.Tensor(Tensor self, Tensor other, *, Scalar alpha=1) -> Tensor",Vulkan (GPU Accelerator),YES
105,aten_convolution_default_27,"<EdgeOpOverload: aten.convolution.default>: schema = aten::convolution(Tensor input, Tensor weight, Tensor? bias, SymInt[] stride, SymInt[] padding, SymInt[] dilation, bool transposed, SymInt[] output_padding, SymInt groups) -> Tensor",Vulkan (GPU Accelerator),YES
106,aten__native_batch_norm_legit_no_training_default_27,"<EdgeOpOverload: aten._native_batch_norm_legit_no_training.default>: schema = aten::_native_batch_norm_legit_no_training(Tensor input, Tensor? weight, Tensor? bias, Tensor running_mean, Tensor running_var, float momentum, float eps) -> (Tensor, Tensor, Tensor)",Vulkan (GPU Accelerator),YES
107,getitem_27,<built-in function getitem>,Vulkan (GPU Accelerator),YES
108,aten_hardtanh_default_18,"<EdgeOpOverload: aten.hardtanh.default>: schema = aten::hardtanh(Tensor self, Scalar min_val=-1, Scalar max_val=1) -> Tensor",Vulkan (GPU Accelerator),YES
109,aten_convolution_default_28,"<EdgeOpOverload: aten.convolution.default>: schema = aten::convolution(Tensor input, Tensor weight, Tensor? bias, SymInt[] stride, SymInt[] padding, SymInt[] dilation, bool transposed, SymInt[] output_padding, SymInt groups) -> Tensor",Vulkan (GPU Accelerator),YES
110,aten__native_batch_norm_legit_no_training_default_28,"<EdgeOpOverload: aten._native_batch_norm_legit_no_training.default>: schema = aten::_native_batch_norm_legit_no_training(Tensor input, Tensor? weight, Tensor? bias, Tensor running_mean, Tensor running_var, float momentum, float eps) -> (Tensor, Tensor, Tensor)",Vulkan (GPU Accelerator),YES
111,getitem_28,<built-in function getitem>,Vulkan (GPU Accelerator),YES
112,aten_hardtanh_default_19,"<EdgeOpOverload: aten.hardtanh.default>: schema = aten::hardtanh(Tensor self, Scalar min_val=-1, Scalar max_val=1) -> Tensor",Vulkan (GPU Accelerator),YES
113,aten_convolution_default_29,"<EdgeOpOverload: aten.convolution.default>: schema = aten::convolution(Tensor input, Tensor weight, Tensor? bias, SymInt[] stride, SymInt[] padding, SymInt[] dilation, bool transposed, SymInt[] output_padding, SymInt groups) -> Tensor",Vulkan (GPU Accelerator),YES
114,aten__native_batch_norm_legit_no_training_default_29,"<EdgeOpOverload: aten._native_batch_norm_legit_no_training.default>: schema = aten::_native_batch_norm_legit_no_training(Tensor input, Tensor? weight, Tensor? bias, Tensor running_mean, Tensor running_var, float momentum, float eps) -> (Tensor, Tensor, Tensor)",Vulkan (GPU Accelerator),YES
115,getitem_29,<built-in function getitem>,Vulkan (GPU Accelerator),YES
116,aten_add_tensor_5,"<EdgeOpOverload: aten.add.Tensor>: schema = aten::add.Tensor(Tensor self, Tensor other, *, Scalar alpha=1) -> Tensor",Vulkan (GPU Accelerator),YES
117,aten_convolution_default_30,"<EdgeOpOverload: aten.convolution.default>: schema = aten::convolution(Tensor input, Tensor weight, Tensor? bias, SymInt[] stride, SymInt[] padding, SymInt[] dilation, bool transposed, SymInt[] output_padding, SymInt groups) -> Tensor",Vulkan (GPU Accelerator),YES
118,aten__native_batch_norm_legit_no_training_default_30,"<EdgeOpOverload: aten._native_batch_norm_legit_no_training.default>: schema = aten::_native_batch_norm_legit_no_training(Tensor input, Tensor? weight, Tensor? bias, Tensor running_mean, Tensor running_var, float momentum, float eps) -> (Tensor, Tensor, Tensor)",Vulkan (GPU Accelerator),YES
119,getitem_30,<built-in function getitem>,Vulkan (GPU Accelerator),YES
120,aten_hardtanh_default_20,"<EdgeOpOverload: aten.hardtanh.default>: schema = aten::hardtanh(Tensor self, Scalar min_val=-1, Scalar max_val=1) -> Tensor",Vulkan (GPU Accelerator),YES
121,aten_convolution_default_31,"<EdgeOpOverload: aten.convolution.default>: schema = aten::convolution(Tensor input, Tensor weight, Tensor? bias, SymInt[] stride, SymInt[] padding, SymInt[] dilation, bool transposed, SymInt[] output_padding, SymInt groups) -> Tensor",Vulkan (GPU Accelerator),YES
122,aten__native_batch_norm_legit_no_training_default_31,"<EdgeOpOverload: aten._native_batch_norm_legit_no_training.default>: schema = aten::_native_batch_norm_legit_no_training(Tensor input, Tensor? weight, Tensor? bias, Tensor running_mean, Tensor running_var, float momentum, float eps) -> (Tensor, Tensor, Tensor)",Vulkan (GPU Accelerator),YES
123,getitem_31,<built-in function getitem>,Vulkan (GPU Accelerator),YES
124,aten_hardtanh_default_21,"<EdgeOpOverload: aten.hardtanh.default>: schema = aten::hardtanh(Tensor self, Scalar min_val=-1, Scalar max_val=1) -> Tensor",Vulkan (GPU Accelerator),YES
125,aten_convolution_default_32,"<EdgeOpOverload: aten.convolution.default>: schema = aten::convolution(Tensor input, Tensor weight, Tensor? bias, SymInt[] stride, SymInt[] padding, SymInt[] dilation, bool transposed, SymInt[] output_padding, SymInt groups) -> Tensor",Vulkan (GPU Accelerator),YES
126,aten__native_batch_norm_legit_no_training_default_32,"<EdgeOpOverload: aten._native_batch_norm_legit_no_training.default>: schema = aten::_native_batch_norm_legit_no_training(Tensor input, Tensor? weight, Tensor? bias, Tensor running_mean, Tensor running_var, float momentum, float eps) -> (Tensor, Tensor, Tensor)",Vulkan (GPU Accelerator),YES
127,getitem_32,<built-in function getitem>,Vulkan (GPU Accelerator),YES
128,aten_convolution_default_33,"<EdgeOpOverload: aten.convolution.default>: schema = aten::convolution(Tensor input, Tensor weight, Tensor? bias, SymInt[] stride, SymInt[] padding, SymInt[] dilation, bool transposed, SymInt[] output_padding, SymInt groups) -> Tensor",Vulkan (GPU Accelerator),YES
129,aten__native_batch_norm_legit_no_training_default_33,"<EdgeOpOverload: aten._native_batch_norm_legit_no_training.default>: schema = aten::_native_batch_norm_legit_no_training(Tensor input, Tensor? weight, Tensor? bias, Tensor running_mean, Tensor running_var, float momentum, float eps) -> (Tensor, Tensor, Tensor)",Vulkan (GPU Accelerator),YES
130,getitem_33,<built-in function getitem>,Vulkan (GPU Accelerator),YES
131,aten_hardtanh_default_22,"<EdgeOpOverload: aten.hardtanh.default>: schema = aten::hardtanh(Tensor self, Scalar min_val=-1, Scalar max_val=1) -> Tensor",Vulkan (GPU Accelerator),YES
132,aten_convolution_default_34,"<EdgeOpOverload: aten.convolution.default>: schema = aten::convolution(Tensor input, Tensor weight, Tensor? bias, SymInt[] stride, SymInt[] padding, SymInt[] dilation, bool transposed, SymInt[] output_padding, SymInt groups) -> Tensor",Vulkan (GPU Accelerator),YES
133,aten__native_batch_norm_legit_no_training_default_34,"<EdgeOpOverload: aten._native_batch_norm_legit_no_training.default>: schema = aten::_native_batch_norm_legit_no_training(Tensor input, Tensor? weight, Tensor? bias, Tensor running_mean, Tensor running_var, float momentum, float eps) -> (Tensor, Tensor, Tensor)",Vulkan (GPU Accelerator),YES
134,getitem_34,<built-in function getitem>,Vulkan (GPU Accelerator),YES
135,aten_hardtanh_default_23,"<EdgeOpOverload: aten.hardtanh.default>: schema = aten::hardtanh(Tensor self, Scalar min_val=-1, Scalar max_val=1) -> Tensor",Vulkan (GPU Accelerator),YES
136,aten_convolution_default_35,"<EdgeOpOverload: aten.convolution.default>: schema = aten::convolution(Tensor input, Tensor weight, Tensor? bias, SymInt[] stride, SymInt[] padding, SymInt[] dilation, bool transposed, SymInt[] output_padding, SymInt groups) -> Tensor",Vulkan (GPU Accelerator),YES
137,aten__native_batch_norm_legit_no_training_default_35,"<EdgeOpOverload: aten._native_batch_norm_legit_no_training.default>: schema = aten::_native_batch_norm_legit_no_training(Tensor input, Tensor? weight, Tensor? bias, Tensor running_mean, Tensor running_var, float momentum, float eps) -> (Tensor, Tensor, Tensor)",Vulkan (GPU Accelerator),YES
138,getitem_35,<built-in function getitem>,Vulkan (GPU Accelerator),YES
139,aten_add_tensor_6,"<EdgeOpOverload: aten.add.Tensor>: schema = aten::add.Tensor(Tensor self, Tensor other, *, Scalar alpha=1) -> Tensor",Vulkan (GPU Accelerator),YES
140,aten_convolution_default_36,"<EdgeOpOverload: aten.convolution.default>: schema = aten::convolution(Tensor input, Tensor weight, Tensor? bias, SymInt[] stride, SymInt[] padding, SymInt[] dilation, bool transposed, SymInt[] output_padding, SymInt groups) -> Tensor",Vulkan (GPU Accelerator),YES
141,aten__native_batch_norm_legit_no_training_default_36,"<EdgeOpOverload: aten._native_batch_norm_legit_no_training.default>: schema = aten::_native_batch_norm_legit_no_training(Tensor input, Tensor? weight, Tensor? bias, Tensor running_mean, Tensor running_var, float momentum, float eps) -> (Tensor, Tensor, Tensor)",Vulkan (GPU Accelerator),YES
142,getitem_36,<built-in function getitem>,Vulkan (GPU Accelerator),YES
143,aten_hardtanh_default_24,"<EdgeOpOverload: aten.hardtanh.default>: schema = aten::hardtanh(Tensor self, Scalar min_val=-1, Scalar max_val=1) -> Tensor",Vulkan (GPU Accelerator),YES
144,aten_convolution_default_37,"<EdgeOpOverload: aten.convolution.default>: schema = aten::convolution(Tensor input, Tensor weight, Tensor? bias, SymInt[] stride, SymInt[] padding, SymInt[] dilation, bool transposed, SymInt[] output_padding, SymInt groups) -> Tensor",Vulkan (GPU Accelerator),YES
145,aten__native_batch_norm_legit_no_training_default_37,"<EdgeOpOverload: aten._native_batch_norm_legit_no_training.default>: schema = aten::_native_batch_norm_legit_no_training(Tensor input, Tensor? weight, Tensor? bias, Tensor running_mean, Tensor running_var, float momentum, float eps) -> (Tensor, Tensor, Tensor)",Vulkan (GPU Accelerator),YES
146,getitem_37,<built-in function getitem>,Vulkan (GPU Accelerator),YES
147,aten_hardtanh_default_25,"<EdgeOpOverload: aten.hardtanh.default>: schema = aten::hardtanh(Tensor self, Scalar min_val=-1, Scalar max_val=1) -> Tensor",Vulkan (GPU Accelerator),YES
148,aten_convolution_default_38,"<EdgeOpOverload: aten.convolution.default>: schema = aten::convolution(Tensor input, Tensor weight, Tensor? bias, SymInt[] stride, SymInt[] padding, SymInt[] dilation, bool transposed, SymInt[] output_padding, SymInt groups) -> Tensor",Vulkan (GPU Accelerator),YES
149,aten__native_batch_norm_legit_no_training_default_38,"<EdgeOpOverload: aten._native_batch_norm_legit_no_training.default>: schema = aten::_native_batch_norm_legit_no_training(Tensor input, Tensor? weight, Tensor? bias, Tensor running_mean, Tensor running_var, float momentum, float eps) -> (Tensor, Tensor, Tensor)",Vulkan (GPU Accelerator),YES
150,getitem_38,<built-in function getitem>,Vulkan (GPU Accelerator),YES
151,aten_add_tensor_7,"<EdgeOpOverload: aten.add.Tensor>: schema = aten::add.Tensor(Tensor self, Tensor other, *, Scalar alpha=1) -> Tensor",Vulkan (GPU Accelerator),YES
152,aten_convolution_default_39,"<EdgeOpOverload: aten.convolution.default>: schema = aten::convolution(Tensor input, Tensor weight, Tensor? bias, SymInt[] stride, SymInt[] padding, SymInt[] dilation, bool transposed, SymInt[] output_padding, SymInt groups) -> Tensor",Vulkan (GPU Accelerator),YES
153,aten__native_batch_norm_legit_no_training_default_39,"<EdgeOpOverload: aten._native_batch_norm_legit_no_training.default>: schema = aten::_native_batch_norm_legit_no_training(Tensor input, Tensor? weight, Tensor? bias, Tensor running_mean, Tensor running_var, float momentum, float eps) -> (Tensor, Tensor, Tensor)",Vulkan (GPU Accelerator),YES
154,getitem_39,<built-in function getitem>,Vulkan (GPU Accelerator),YES
155,aten_hardtanh_default_26,"<EdgeOpOverload: aten.hardtanh.default>: schema = aten::hardtanh(Tensor self, Scalar min_val=-1, Scalar max_val=1) -> Tensor",Vulkan (GPU Accelerator),YES
156,aten_convolution_default_40,"<EdgeOpOverload: aten.convolution.default>: schema = aten::convolution(Tensor input, Tensor weight, Tensor? bias, SymInt[] stride, SymInt[] padding, SymInt[] dilation, bool transposed, SymInt[] output_padding, SymInt groups) -> Tensor",Vulkan (GPU Accelerator),YES
157,aten__native_batch_norm_legit_no_training_default_40,"<EdgeOpOverload: aten._native_batch_norm_legit_no_training.default>: schema = aten::_native_batch_norm_legit_no_training(Tensor input, Tensor? weight, Tensor? bias, Tensor running_mean, Tensor running_var, float momentum, float eps) -> (Tensor, Tensor, Tensor)",Vulkan (GPU Accelerator),YES
158,getitem_40,<built-in function getitem>,Vulkan (GPU Accelerator),YES
159,aten_hardtanh_default_27,"<EdgeOpOverload: aten.hardtanh.default>: schema = aten::hardtanh(Tensor self, Scalar min_val=-1, Scalar max_val=1) -> Tensor",Vulkan (GPU Accelerator),YES
160,aten_convolution_default_41,"<EdgeOpOverload: aten.convolution.default>: schema = aten::convolution(Tensor input, Tensor weight, Tensor? bias, SymInt[] stride, SymInt[] padding, SymInt[] dilation, bool transposed, SymInt[] output_padding, SymInt groups) -> Tensor",Vulkan (GPU Accelerator),YES
161,aten__native_batch_norm_legit_no_training_default_41,"<EdgeOpOverload: aten._native_batch_norm_legit_no_training.default>: schema = aten::_native_batch_norm_legit_no_training(Tensor input, Tensor? weight, Tensor? bias, Tensor running_mean, Tensor running_var, float momentum, float eps) -> (Tensor, Tensor, Tensor)",Vulkan (GPU Accelerator),YES
162,getitem_41,<built-in function getitem>,Vulkan (GPU Accelerator),YES
163,aten_convolution_default_42,"<EdgeOpOverload: aten.convolution.default>: schema = aten::convolution(Tensor input, Tensor weight, Tensor? bias, SymInt[] stride, SymInt[] padding, SymInt[] dilation, bool transposed, SymInt[] output_padding, SymInt groups) -> Tensor",Vulkan (GPU Accelerator),YES
164,aten__native_batch_norm_legit_no_training_default_42,"<EdgeOpOverload: aten._native_batch_norm_legit_no_training.default>: schema = aten::_native_batch_norm_legit_no_training(Tensor input, Tensor? weight, Tensor? bias, Tensor running_mean, Tensor running_var, float momentum, float eps) -> (Tensor, Tensor, Tensor)",Vulkan (GPU Accelerator),YES
165,getitem_42,<built-in function getitem>,Vulkan (GPU Accelerator),YES
166,aten_hardtanh_default_28,"<EdgeOpOverload: aten.hardtanh.default>: schema = aten::hardtanh(Tensor self, Scalar min_val=-1, Scalar max_val=1) -> Tensor",Vulkan (GPU Accelerator),YES
167,aten_convolution_default_43,"<EdgeOpOverload: aten.convolution.default>: schema = aten::convolution(Tensor input, Tensor weight, Tensor? bias, SymInt[] stride, SymInt[] padding, SymInt[] dilation, bool transposed, SymInt[] output_padding, SymInt groups) -> Tensor",Vulkan (GPU Accelerator),YES
168,aten__native_batch_norm_legit_no_training_default_43,"<EdgeOpOverload: aten._native_batch_norm_legit_no_training.default>: schema = aten::_native_batch_norm_legit_no_training(Tensor input, Tensor? weight, Tensor? bias, Tensor running_mean, Tensor running_var, float momentum, float eps) -> (Tensor, Tensor, Tensor)",Vulkan (GPU Accelerator),YES
169,getitem_43,<built-in function getitem>,Vulkan (GPU Accelerator),YES
170,aten_hardtanh_default_29,"<EdgeOpOverload: aten.hardtanh.default>: schema = aten::hardtanh(Tensor self, Scalar min_val=-1, Scalar max_val=1) -> Tensor",Vulkan (GPU Accelerator),YES
171,aten_convolution_default_44,"<EdgeOpOverload: aten.convolution.default>: schema = aten::convolution(Tensor input, Tensor weight, Tensor? bias, SymInt[] stride, SymInt[] padding, SymInt[] dilation, bool transposed, SymInt[] output_padding, SymInt groups) -> Tensor",Vulkan (GPU Accelerator),YES
172,aten__native_batch_norm_legit_no_training_default_44,"<EdgeOpOverload: aten._native_batch_norm_legit_no_training.default>: schema = aten::_native_batch_norm_legit_no_training(Tensor input, Tensor? weight, Tensor? bias, Tensor running_mean, Tensor running_var, float momentum, float eps) -> (Tensor, Tensor, Tensor)",Vulkan (GPU Accelerator),YES
173,getitem_44,<built-in function getitem>,Vulkan (GPU Accelerator),YES
174,aten_add_tensor_8,"<EdgeOpOverload: aten.add.Tensor>: schema = aten::add.Tensor(Tensor self, Tensor other, *, Scalar alpha=1) -> Tensor",Vulkan (GPU Accelerator),YES
175,aten_convolution_default_45,"<EdgeOpOverload: aten.convolution.default>: schema = aten::convolution(Tensor input, Tensor weight, Tensor? bias, SymInt[] stride, SymInt[] padding, SymInt[] dilation, bool transposed, SymInt[] output_padding, SymInt groups) -> Tensor",Vulkan (GPU Accelerator),YES
176,aten__native_batch_norm_legit_no_training_default_45,"<EdgeOpOverload: aten._native_batch_norm_legit_no_training.default>: schema = aten::_native_batch_norm_legit_no_training(Tensor input, Tensor? weight, Tensor? bias, Tensor running_mean, Tensor running_var, float momentum, float eps) -> (Tensor, Tensor, Tensor)",Vulkan (GPU Accelerator),YES
177,getitem_45,<built-in function getitem>,Vulkan (GPU Accelerator),YES
178,aten_hardtanh_default_30,"<EdgeOpOverload: aten.hardtanh.default>: schema = aten::hardtanh(Tensor self, Scalar min_val=-1, Scalar max_val=1) -> Tensor",Vulkan (GPU Accelerator),YES
179,aten_convolution_default_46,"<EdgeOpOverload: aten.convolution.default>: schema = aten::convolution(Tensor input, Tensor weight, Tensor? bias, SymInt[] stride, SymInt[] padding, SymInt[] dilation, bool transposed, SymInt[] output_padding, SymInt groups) -> Tensor",Vulkan (GPU Accelerator),YES
180,aten__native_batch_norm_legit_no_training_default_46,"<EdgeOpOverload: aten._native_batch_norm_legit_no_training.default>: schema = aten::_native_batch_norm_legit_no_training(Tensor input, Tensor? weight, Tensor? bias, Tensor running_mean, Tensor running_var, float momentum, float eps) -> (Tensor, Tensor, Tensor)",Vulkan (GPU Accelerator),YES
181,getitem_46,<built-in function getitem>,Vulkan (GPU Accelerator),YES
182,aten_hardtanh_default_31,"<EdgeOpOverload: aten.hardtanh.default>: schema = aten::hardtanh(Tensor self, Scalar min_val=-1, Scalar max_val=1) -> Tensor",Vulkan (GPU Accelerator),YES
183,aten_convolution_default_47,"<EdgeOpOverload: aten.convolution.default>: schema = aten::convolution(Tensor input, Tensor weight, Tensor? bias, SymInt[] stride, SymInt[] padding, SymInt[] dilation, bool transposed, SymInt[] output_padding, SymInt groups) -> Tensor",Vulkan (GPU Accelerator),YES
184,aten__native_batch_norm_legit_no_training_default_47,"<EdgeOpOverload: aten._native_batch_norm_legit_no_training.default>: schema = aten::_native_batch_norm_legit_no_training(Tensor input, Tensor? weight, Tensor? bias, Tensor running_mean, Tensor running_var, float momentum, float eps) -> (Tensor, Tensor, Tensor)",Vulkan (GPU Accelerator),YES
185,getitem_47,<built-in function getitem>,Vulkan (GPU Accelerator),YES
186,aten_add_tensor_9,"<EdgeOpOverload: aten.add.Tensor>: schema = aten::add.Tensor(Tensor self, Tensor other, *, Scalar alpha=1) -> Tensor",Vulkan (GPU Accelerator),YES
187,aten_convolution_default_48,"<EdgeOpOverload: aten.convolution.default>: schema = aten::convolution(Tensor input, Tensor weight, Tensor? bias, SymInt[] stride, SymInt[] padding, SymInt[] dilation, bool transposed, SymInt[] output_padding, SymInt groups) -> Tensor",Vulkan (GPU Accelerator),YES
188,aten__native_batch_norm_legit_no_training_default_48,"<EdgeOpOverload: aten._native_batch_norm_legit_no_training.default>: schema = aten::_native_batch_norm_legit_no_training(Tensor input, Tensor? weight, Tensor? bias, Tensor running_mean, Tensor running_var, float momentum, float eps) -> (Tensor, Tensor, Tensor)",Vulkan (GPU Accelerator),YES
189,getitem_48,<built-in function getitem>,Vulkan (GPU Accelerator),YES
190,aten_hardtanh_default_32,"<EdgeOpOverload: aten.hardtanh.default>: schema = aten::hardtanh(Tensor self, Scalar min_val=-1, Scalar max_val=1) -> Tensor",Vulkan (GPU Accelerator),YES
191,aten_convolution_default_49,"<EdgeOpOverload: aten.convolution.default>: schema = aten::convolution(Tensor input, Tensor weight, Tensor? bias, SymInt[] stride, SymInt[] padding, SymInt[] dilation, bool transposed, SymInt[] output_padding, SymInt groups) -> Tensor",Vulkan (GPU Accelerator),YES
192,aten__native_batch_norm_legit_no_training_default_49,"<EdgeOpOverload: aten._native_batch_norm_legit_no_training.default>: schema = aten::_native_batch_norm_legit_no_training(Tensor input, Tensor? weight, Tensor? bias, Tensor running_mean, Tensor running_var, float momentum, float eps) -> (Tensor, Tensor, Tensor)",Vulkan (GPU Accelerator),YES
193,getitem_49,<built-in function getitem>,Vulkan (GPU Accelerator),YES
194,aten_hardtanh_default_33,"<EdgeOpOverload: aten.hardtanh.default>: schema = aten::hardtanh(Tensor self, Scalar min_val=-1, Scalar max_val=1) -> Tensor",Vulkan (GPU Accelerator),YES
195,aten_convolution_default_50,"<EdgeOpOverload: aten.convolution.default>: schema = aten::convolution(Tensor input, Tensor weight, Tensor? bias, SymInt[] stride, SymInt[] padding, SymInt[] dilation, bool transposed, SymInt[] output_padding, SymInt groups) -> Tensor",Vulkan (GPU Accelerator),YES
196,aten__native_batch_norm_legit_no_training_default_50,"<EdgeOpOverload: aten._native_batch_norm_legit_no_training.default>: schema = aten::_native_batch_norm_legit_no_training(Tensor input, Tensor? weight, Tensor? bias, Tensor running_mean, Tensor running_var, float momentum, float eps) -> (Tensor, Tensor, Tensor)",Vulkan (GPU Accelerator),YES
197,getitem_50,<built-in function getitem>,Vulkan (GPU Accelerator),YES
198,aten_convolution_default_51,"<EdgeOpOverload: aten.convolution.default>: schema = aten::convolution(Tensor input, Tensor weight, Tensor? bias, SymInt[] stride, SymInt[] padding, SymInt[] dilation, bool transposed, SymInt[] output_padding, SymInt groups) -> Tensor",Vulkan (GPU Accelerator),YES
199,aten__native_batch_norm_legit_no_training_default_51,"<EdgeOpOverload: aten._native_batch_norm_legit_no_training.default>: schema = aten::_native_batch_norm_legit_no_training(Tensor input, Tensor? weight, Tensor? bias, Tensor running_mean, Tensor running_var, float momentum, float eps) -> (Tensor, Tensor, Tensor)",Vulkan (GPU Accelerator),YES
200,getitem_51,<built-in function getitem>,Vulkan (GPU Accelerator),YES
201,aten_hardtanh_default_34,"<EdgeOpOverload: aten.hardtanh.default>: schema = aten::hardtanh(Tensor self, Scalar min_val=-1, Scalar max_val=1) -> Tensor",Vulkan (GPU Accelerator),YES
202,aten_mean_dim,"<EdgeOpOverload: aten.mean.dim>: schema = aten::mean.dim(Tensor self, int[1]? dim, bool keepdim=False, *, ScalarType? dtype=None) -> Tensor",Vulkan (GPU Accelerator),YES
203,aten_view_copy_default,"<EdgeOpOverload: aten.view_copy.default>: schema = aten::view_copy(Tensor self, SymInt[] size) -> Tensor",Vulkan (GPU Accelerator),YES
204,dim_order_ops__clone_dim_order_default,"<EdgeOpOverload: dim_order_ops._clone_dim_order.default>: schema = dim_order_ops::_clone_dim_order(Tensor self, *, bool non_blocking=False, int[]? dim_order=None) -> Tensor",Vulkan (GPU Accelerator),YES
205,aten_permute_copy_default,"<EdgeOpOverload: aten.permute_copy.default>: schema = aten::permute_copy(Tensor self, int[] dims) -> Tensor",Vulkan (GPU Accelerator),YES
206,aten_addmm_default,"<EdgeOpOverload: aten.addmm.default>: schema = aten::addmm(Tensor self, Tensor mat1, Tensor mat2, *, Scalar beta=1, Scalar alpha=1) -> Tensor",Vulkan (GPU Accelerator),YES
